-- phpMyAdmin SQL Dump
-- version 5.1.1
-- https://www.phpmyadmin.net/
--
-- Servidor: localhost
-- Tiempo de generación: 22-11-2021 a las 14:27:36
-- Versión del servidor: 10.4.21-MariaDB
-- Versión de PHP: 7.4.23

SET SQL_MODE = "NO_AUTO_VALUE_ON_ZERO";
START TRANSACTION;
SET time_zone = "+00:00";


/*!40101 SET @OLD_CHARACTER_SET_CLIENT=@@CHARACTER_SET_CLIENT */;
/*!40101 SET @OLD_CHARACTER_SET_RESULTS=@@CHARACTER_SET_RESULTS */;
/*!40101 SET @OLD_COLLATION_CONNECTION=@@COLLATION_CONNECTION */;
/*!40101 SET NAMES utf8mb4 */;

--
-- Base de datos: `examen`
--

-- --------------------------------------------------------

--
-- Estructura de tabla para la tabla `BUTACA`
--
create database examen;
use examen;

CREATE TABLE `BUTACA` (
  `cod_butaca` int(11) NOT NULL,
  `fila` int(11) DEFAULT NULL,
  `num` int(11) DEFAULT NULL,
  `num_sala` int(11) DEFAULT NULL,
  `cod_cine` int(11) DEFAULT NULL
) ENGINE=InnoDB DEFAULT CHARSET=utf8mb4;

--
-- Volcado de datos para la tabla `BUTACA`
--

INSERT INTO `BUTACA` (`cod_butaca`, `fila`, `num`, `num_sala`, `cod_cine`) VALUES
(1, 1, 1, 1, 1),
(2, 1, 2, 1, 1),
(3, 1, 3, 1, 1),
(4, 1, 4, 1, 1),
(5, 1, 5, 1, 1),
(6, 2, 1, 1, 1),
(7, 2, 2, 1, 1),
(8, 2, 3, 1, 1),
(9, 2, 4, 1, 1),
(10, 2, 5, 1, 1),
(11, 3, 1, 1, 1),
(12, 3, 2, 1, 1),
(13, 3, 3, 1, 1),
(14, 3, 4, 1, 1),
(15, 3, 5, 1, 1),
(16, 4, 1, 1, 1),
(17, 4, 2, 1, 1),
(18, 4, 3, 1, 1),
(19, 4, 4, 1, 1),
(20, 4, 5, 1, 1),
(21, 5, 1, 1, 1),
(22, 5, 2, 1, 1),
(23, 5, 3, 1, 1),
(24, 5, 4, 1, 1),
(25, 5, 5, 1, 1),
(26, 1, 1, 2, 1),
(27, 1, 2, 2, 1),
(28, 1, 3, 2, 1),
(29, 1, 4, 2, 1),
(30, 1, 5, 2, 1),
(31, 2, 1, 2, 1),
(32, 2, 2, 2, 1),
(33, 2, 3, 2, 1),
(34, 2, 4, 2, 1),
(35, 2, 5, 2, 1),
(36, 3, 1, 2, 1),
(37, 3, 2, 2, 1),
(38, 3, 3, 2, 1),
(39, 3, 4, 2, 1),
(40, 3, 5, 2, 1),
(41, 4, 1, 2, 1),
(42, 4, 2, 2, 1),
(43, 4, 3, 2, 1),
(44, 4, 4, 2, 1),
(45, 4, 5, 2, 1),
(46, 5, 1, 2, 1),
(47, 5, 2, 2, 1),
(48, 5, 3, 2, 1),
(49, 5, 4, 2, 1),
(50, 5, 5, 2, 1),
(51, 1, 1, 3, 1),
(52, 1, 2, 3, 1),
(53, 1, 3, 3, 1),
(54, 1, 4, 3, 1),
(55, 1, 5, 3, 1),
(56, 2, 1, 3, 1),
(57, 2, 2, 3, 1),
(58, 2, 3, 3, 1),
(59, 2, 4, 3, 1),
(60, 2, 5, 3, 1),
(61, 3, 1, 3, 1),
(62, 3, 2, 3, 1),
(63, 3, 3, 3, 1),
(64, 3, 4, 3, 1),
(65, 3, 5, 3, 1),
(66, 4, 1, 3, 1),
(67, 4, 2, 3, 1),
(68, 4, 3, 3, 1),
(69, 4, 4, 3, 1),
(70, 4, 5, 3, 1),
(71, 5, 1, 3, 1),
(72, 5, 2, 3, 1),
(73, 5, 3, 3, 1),
(74, 5, 4, 3, 1),
(75, 5, 5, 3, 1),
(76, 1, 1, 4, 1),
(77, 1, 2, 4, 1),
(78, 1, 3, 4, 1),
(79, 1, 4, 4, 1),
(80, 1, 5, 4, 1),
(81, 2, 1, 4, 1),
(82, 2, 2, 4, 1),
(83, 2, 3, 4, 1),
(84, 2, 4, 4, 1),
(85, 2, 5, 4, 1),
(86, 3, 1, 4, 1),
(87, 3, 2, 4, 1),
(88, 3, 3, 4, 1),
(89, 3, 4, 4, 1),
(90, 3, 5, 4, 1),
(91, 4, 1, 4, 1),
(92, 4, 2, 4, 1),
(93, 4, 3, 4, 1),
(94, 4, 4, 4, 1),
(95, 4, 5, 4, 1),
(96, 5, 1, 4, 1),
(97, 5, 2, 4, 1),
(98, 5, 3, 4, 1),
(99, 5, 4, 4, 1),
(100, 5, 5, 4, 1),
(101, 1, 1, 1, 2),
(102, 1, 2, 1, 2),
(103, 1, 3, 1, 2),
(104, 1, 4, 1, 2),
(105, 1, 5, 1, 2),
(106, 2, 1, 1, 2),
(107, 2, 2, 1, 2),
(108, 2, 3, 1, 2),
(109, 2, 4, 1, 2),
(110, 2, 5, 1, 2),
(111, 3, 1, 1, 2),
(112, 3, 2, 1, 2),
(113, 3, 3, 1, 2),
(114, 3, 4, 1, 2),
(115, 3, 5, 1, 2),
(116, 4, 1, 1, 2),
(117, 4, 2, 1, 2),
(118, 4, 3, 1, 2),
(119, 4, 4, 1, 2),
(120, 4, 5, 1, 2),
(121, 1, 1, 2, 2),
(122, 1, 2, 2, 2),
(123, 1, 3, 2, 2),
(124, 1, 4, 2, 2),
(125, 1, 5, 2, 2),
(126, 2, 1, 2, 2),
(127, 2, 2, 2, 2),
(128, 2, 3, 2, 2),
(129, 2, 4, 2, 2),
(130, 2, 5, 2, 2),
(131, 3, 1, 2, 2),
(132, 3, 2, 2, 2),
(133, 3, 3, 2, 2),
(134, 3, 4, 2, 2),
(135, 3, 5, 2, 2),
(136, 4, 1, 2, 2),
(137, 4, 2, 2, 2),
(138, 4, 3, 2, 2),
(139, 4, 4, 2, 2),
(140, 4, 5, 2, 2),
(141, 1, 1, 3, 2),
(142, 1, 2, 3, 2),
(143, 1, 3, 3, 2),
(144, 1, 4, 3, 2),
(145, 1, 5, 3, 2),
(146, 2, 1, 3, 2),
(147, 2, 2, 3, 2),
(148, 2, 3, 3, 2),
(149, 2, 4, 3, 2),
(150, 2, 5, 3, 2),
(151, 3, 1, 3, 2),
(152, 3, 2, 3, 2),
(153, 3, 3, 3, 2),
(154, 3, 4, 3, 2),
(155, 3, 5, 3, 2),
(156, 4, 1, 3, 2),
(157, 4, 2, 3, 2),
(158, 4, 3, 3, 2),
(159, 4, 4, 3, 2),
(160, 4, 5, 3, 2),
(161, 1, 1, 1, 3),
(162, 1, 2, 1, 3),
(163, 1, 3, 1, 3),
(164, 1, 4, 1, 3),
(165, 1, 5, 1, 3),
(166, 2, 1, 1, 3),
(167, 2, 2, 1, 3),
(168, 2, 3, 1, 3),
(169, 2, 4, 1, 3),
(170, 2, 5, 1, 3),
(171, 3, 1, 1, 3),
(172, 3, 2, 1, 3),
(173, 3, 3, 1, 3),
(174, 3, 4, 1, 3),
(175, 3, 5, 1, 3),
(176, 4, 1, 1, 3),
(177, 4, 2, 1, 3),
(178, 4, 3, 1, 3),
(179, 4, 4, 1, 3),
(180, 4, 5, 1, 3),
(181, 5, 1, 1, 3),
(182, 5, 2, 1, 3),
(183, 5, 3, 1, 3),
(184, 5, 4, 1, 3),
(185, 5, 5, 1, 3),
(186, 1, 1, 2, 3),
(187, 1, 2, 2, 3),
(188, 1, 3, 2, 3),
(189, 1, 4, 2, 3),
(190, 1, 5, 2, 3),
(191, 2, 1, 2, 3),
(192, 2, 2, 2, 3),
(193, 2, 3, 2, 3),
(194, 2, 4, 2, 3),
(195, 2, 5, 2, 3),
(196, 3, 1, 2, 3),
(197, 3, 2, 2, 3),
(198, 3, 3, 2, 3),
(199, 3, 4, 2, 3),
(200, 3, 5, 2, 3),
(201, 4, 1, 2, 3),
(202, 4, 2, 2, 3),
(203, 4, 3, 2, 3),
(204, 4, 4, 2, 3),
(205, 4, 5, 2, 3),
(206, 5, 1, 2, 3),
(207, 5, 2, 2, 3),
(208, 5, 3, 2, 3),
(209, 5, 4, 2, 3),
(210, 5, 5, 2, 3),
(211, 1, 1, 3, 3),
(212, 1, 2, 3, 3),
(213, 1, 3, 3, 3),
(214, 1, 4, 3, 3),
(215, 1, 5, 3, 3),
(216, 2, 1, 3, 3),
(217, 2, 2, 3, 3),
(218, 2, 3, 3, 3),
(219, 2, 4, 3, 3),
(220, 2, 5, 3, 3),
(221, 3, 1, 3, 3),
(222, 3, 2, 3, 3),
(223, 3, 3, 3, 3),
(224, 3, 4, 3, 3),
(225, 3, 5, 3, 3),
(226, 4, 1, 3, 3),
(227, 4, 2, 3, 3),
(228, 4, 3, 3, 3),
(229, 4, 4, 3, 3),
(230, 4, 5, 3, 3),
(231, 5, 1, 3, 3),
(232, 5, 2, 3, 3),
(233, 5, 3, 3, 3),
(234, 5, 4, 3, 3),
(235, 5, 5, 3, 3),
(236, 1, 1, 4, 3),
(237, 1, 2, 4, 3),
(238, 1, 3, 4, 3),
(239, 1, 4, 4, 3),
(240, 1, 5, 4, 3),
(241, 2, 1, 4, 3),
(242, 2, 2, 4, 3),
(243, 2, 3, 4, 3),
(244, 2, 4, 4, 3),
(245, 2, 5, 4, 3),
(246, 3, 1, 4, 3),
(247, 3, 2, 4, 3),
(248, 3, 3, 4, 3),
(249, 3, 4, 4, 3),
(250, 3, 5, 4, 3),
(251, 4, 1, 4, 3),
(252, 4, 2, 4, 3),
(253, 4, 3, 4, 3),
(254, 4, 4, 4, 3),
(255, 4, 5, 4, 3),
(256, 5, 1, 4, 3),
(257, 5, 2, 4, 3),
(258, 5, 3, 4, 3),
(259, 5, 4, 4, 3),
(260, 5, 5, 4, 3),
(261, 1, 1, 5, 3),
(262, 1, 2, 5, 3),
(263, 1, 3, 5, 3),
(264, 1, 4, 5, 3),
(265, 1, 5, 5, 3),
(266, 2, 1, 5, 3),
(267, 2, 2, 5, 3),
(268, 2, 3, 5, 3),
(269, 2, 4, 5, 3),
(270, 2, 5, 5, 3),
(271, 3, 1, 5, 3),
(272, 3, 2, 5, 3),
(273, 3, 3, 5, 3),
(274, 3, 4, 5, 3),
(275, 3, 5, 5, 3),
(276, 4, 1, 5, 3),
(277, 4, 2, 5, 3),
(278, 4, 3, 5, 3),
(279, 4, 4, 5, 3),
(280, 4, 5, 5, 3),
(281, 5, 1, 5, 3),
(282, 5, 2, 5, 3),
(283, 5, 3, 5, 3),
(284, 5, 4, 5, 3),
(285, 5, 5, 5, 3);

-- --------------------------------------------------------

--
-- Estructura de tabla para la tabla `CINE`
--

CREATE TABLE `CINE` (
  `cod_cine` int(11) NOT NULL,
  `nombre` varchar(50) DEFAULT NULL,
  `direccion` varchar(150) DEFAULT NULL,
  `precio` float(3,2) DEFAULT 5.50
) ENGINE=InnoDB DEFAULT CHARSET=utf8mb4;

--
-- Volcado de datos para la tabla `CINE`
--

INSERT INTO `CINE` (`cod_cine`, `nombre`, `direccion`, `precio`) VALUES
(1, 'La Vereda multicines', 'Calle de la evaluacion', 4.75),
(2, 'Servidorpolis', 'Calle de la Recuperacion', 6.50),
(3, 'ABC el backend', 'Calle del aprobado', 5.50);

-- --------------------------------------------------------

--
-- Estructura de tabla para la tabla `DESCUENTO`
--

CREATE TABLE `DESCUENTO` (
  `cod_desc` int(11) NOT NULL,
  `porcentaje` int(11) DEFAULT NULL,
  `nombre` varchar(50) DEFAULT NULL
) ENGINE=InnoDB DEFAULT CHARSET=utf8mb4;

--
-- Volcado de datos para la tabla `DESCUENTO`
--

INSERT INTO `DESCUENTO` (`cod_desc`, `porcentaje`, `nombre`) VALUES
(1, 10, 'carnet jove'),
(2, 15, 'carnet jubilado'),
(3, 50, 'carnet profesor');

-- --------------------------------------------------------

--
-- Estructura de tabla para la tabla `ENTRADA`
--

CREATE TABLE `ENTRADA` (
  `cod_entrada` int(11) NOT NULL,
  `dni` varchar(9) DEFAULT NULL,
  `cod_butaca` int(11) DEFAULT NULL,
  `cod_peli` int(11) DEFAULT NULL,
  `num_sala` int(11) DEFAULT NULL,
  `cod_cine` int(11) DEFAULT NULL,
  `horario` datetime DEFAULT NULL,
  `precio` double(3,2) DEFAULT NULL,
  `cod_desc` int(11) DEFAULT NULL
) ENGINE=InnoDB DEFAULT CHARSET=utf8mb4;

-- --------------------------------------------------------

--
-- Estructura de tabla para la tabla `PELICULA`
--

CREATE TABLE `PELICULA` (
  `cod_peli` int(11) NOT NULL,
  `titulo` varchar(100) DEFAULT NULL
) ENGINE=InnoDB DEFAULT CHARSET=utf8mb4;

--
-- Volcado de datos para la tabla `PELICULA`
--

INSERT INTO `PELICULA` (`cod_peli`, `titulo`) VALUES
(1, 'La vida de mi ordenador'),
(2, 'No sin mi Apache'),
(3, 'Los routers de Maddison'),
(4, 'Indiana Jones y el compilador maldito'),
(5, 'Todo sobre mi Netbeans'),
(6, 'Nadie hablará de nosotras cuando estemos desfasadas'),
(7, 'El depurador indomable'),
(8, 'La ram'),
(9, 'Misterioso formateo en Manhattan'),
(10, 'Absolescencia programada');

-- --------------------------------------------------------

--
-- Estructura de tabla para la tabla `PROYECCION`
--

CREATE TABLE `PROYECCION` (
  `cod_peli` int(11) NOT NULL,
  `num_sala` int(11) NOT NULL,
  `cod_cine` int(11) NOT NULL,
  `horario` datetime NOT NULL
) ENGINE=InnoDB DEFAULT CHARSET=utf8mb4;

--
-- Volcado de datos para la tabla `PROYECCION`
--

INSERT INTO `PROYECCION` (`cod_peli`, `num_sala`, `cod_cine`, `horario`) VALUES
(1, 1, 3, '2021-11-22 17:04:00'),
(1, 1, 3, '2021-11-22 18:38:00'),
(1, 1, 3, '2021-11-22 20:31:00'),
(1, 1, 3, '2021-11-24 17:09:00'),
(1, 1, 3, '2021-11-24 18:59:00'),
(1, 1, 3, '2021-11-24 20:44:00'),
(1, 1, 3, '2021-11-25 17:30:00'),
(1, 1, 3, '2021-11-25 19:10:00'),
(1, 1, 3, '2021-11-25 20:55:00'),
(1, 1, 3, '2021-11-26 17:10:00'),
(1, 1, 3, '2021-11-26 18:40:00'),
(1, 1, 3, '2021-11-26 20:27:00'),
(1, 1, 3, '2021-11-27 17:24:00'),
(1, 1, 3, '2021-11-27 19:13:00'),
(1, 1, 3, '2021-11-27 20:56:00'),
(1, 1, 3, '2021-11-28 17:02:00'),
(1, 1, 3, '2021-11-28 19:00:00'),
(1, 1, 3, '2021-11-28 20:43:00'),
(1, 1, 3, '2021-11-29 17:05:00'),
(1, 1, 3, '2021-11-29 18:57:00'),
(1, 1, 3, '2021-11-29 20:38:00'),
(1, 3, 3, '2021-11-22 17:07:00'),
(1, 3, 3, '2021-11-22 18:47:00'),
(1, 3, 3, '2021-11-22 20:28:00'),
(1, 3, 3, '2021-11-24 17:14:00'),
(1, 3, 3, '2021-11-24 19:07:00'),
(1, 3, 3, '2021-11-24 20:59:00'),
(1, 3, 3, '2021-11-25 17:03:00'),
(1, 3, 3, '2021-11-25 18:45:00'),
(1, 3, 3, '2021-11-25 20:28:00'),
(1, 3, 3, '2021-11-26 17:10:00'),
(1, 3, 3, '2021-11-26 18:46:00'),
(1, 3, 3, '2021-11-26 20:46:00'),
(1, 3, 3, '2021-11-27 17:22:00'),
(1, 3, 3, '2021-11-27 19:13:00'),
(1, 3, 3, '2021-11-27 20:45:00'),
(1, 3, 3, '2021-11-28 17:04:00'),
(1, 3, 3, '2021-11-28 18:42:00'),
(1, 3, 3, '2021-11-28 20:41:00'),
(1, 3, 3, '2021-11-29 17:11:00'),
(1, 3, 3, '2021-11-29 18:42:00'),
(1, 3, 3, '2021-11-29 20:29:00'),
(2, 1, 1, '2021-11-22 17:12:00'),
(2, 1, 1, '2021-11-22 18:56:00'),
(2, 1, 1, '2021-11-22 20:35:00'),
(2, 1, 1, '2021-11-24 17:30:00'),
(2, 1, 1, '2021-11-24 19:00:00'),
(2, 1, 1, '2021-11-24 20:40:00'),
(2, 1, 1, '2021-11-25 17:17:00'),
(2, 1, 1, '2021-11-25 19:03:00'),
(2, 1, 1, '2021-11-25 21:02:00'),
(2, 1, 1, '2021-11-26 17:18:00'),
(2, 1, 1, '2021-11-26 19:08:00'),
(2, 1, 1, '2021-11-26 20:57:00'),
(2, 1, 1, '2021-11-27 17:17:00'),
(2, 1, 1, '2021-11-27 18:56:00'),
(2, 1, 1, '2021-11-27 20:52:00'),
(2, 1, 1, '2021-11-28 17:26:00'),
(2, 1, 1, '2021-11-28 19:00:00'),
(2, 1, 1, '2021-11-28 20:40:00'),
(2, 1, 1, '2021-11-29 17:23:00'),
(2, 1, 1, '2021-11-29 19:17:00'),
(2, 1, 1, '2021-11-29 21:01:00'),
(2, 2, 2, '2021-11-22 17:07:00'),
(2, 2, 2, '2021-11-22 18:50:00'),
(2, 2, 2, '2021-11-22 20:47:00'),
(2, 2, 2, '2021-11-24 17:01:00'),
(2, 2, 2, '2021-11-24 18:32:00'),
(2, 2, 2, '2021-11-24 20:14:00'),
(2, 2, 2, '2021-11-25 17:00:00'),
(2, 2, 2, '2021-11-25 18:40:00'),
(2, 2, 2, '2021-11-25 20:31:00'),
(2, 2, 2, '2021-11-26 17:03:00'),
(2, 2, 2, '2021-11-26 18:55:00'),
(2, 2, 2, '2021-11-26 20:55:00'),
(2, 2, 2, '2021-11-27 17:23:00'),
(2, 2, 2, '2021-11-27 19:22:00'),
(2, 2, 2, '2021-11-27 21:15:00'),
(2, 2, 2, '2021-11-28 17:27:00'),
(2, 2, 2, '2021-11-28 19:16:00'),
(2, 2, 2, '2021-11-28 20:56:00'),
(2, 2, 2, '2021-11-29 17:08:00'),
(2, 2, 2, '2021-11-29 18:47:00'),
(2, 2, 2, '2021-11-29 20:22:00'),
(2, 2, 3, '2021-11-22 17:03:00'),
(2, 2, 3, '2021-11-22 18:47:00'),
(2, 2, 3, '2021-11-22 20:30:00'),
(2, 2, 3, '2021-11-24 17:05:00'),
(2, 2, 3, '2021-11-24 18:38:00'),
(2, 2, 3, '2021-11-24 20:30:00'),
(2, 2, 3, '2021-11-25 17:10:00'),
(2, 2, 3, '2021-11-25 19:03:00'),
(2, 2, 3, '2021-11-25 20:55:00'),
(2, 2, 3, '2021-11-26 17:08:00'),
(2, 2, 3, '2021-11-26 18:57:00'),
(2, 2, 3, '2021-11-26 20:50:00'),
(2, 2, 3, '2021-11-27 17:24:00'),
(2, 2, 3, '2021-11-27 19:01:00'),
(2, 2, 3, '2021-11-27 20:46:00'),
(2, 2, 3, '2021-11-28 17:10:00'),
(2, 2, 3, '2021-11-28 18:49:00'),
(2, 2, 3, '2021-11-28 20:48:00'),
(2, 2, 3, '2021-11-29 17:29:00'),
(2, 2, 3, '2021-11-29 19:23:00'),
(2, 2, 3, '2021-11-29 21:05:00'),
(3, 3, 1, '2021-11-22 17:19:00'),
(3, 3, 1, '2021-11-22 19:06:00'),
(3, 3, 1, '2021-11-22 20:48:00'),
(3, 3, 1, '2021-11-24 17:03:00'),
(3, 3, 1, '2021-11-24 18:56:00'),
(3, 3, 1, '2021-11-24 20:42:00'),
(3, 3, 1, '2021-11-25 17:14:00'),
(3, 3, 1, '2021-11-25 19:10:00'),
(3, 3, 1, '2021-11-25 20:46:00'),
(3, 3, 1, '2021-11-26 17:22:00'),
(3, 3, 1, '2021-11-26 19:09:00'),
(3, 3, 1, '2021-11-26 20:54:00'),
(3, 3, 1, '2021-11-27 17:24:00'),
(3, 3, 1, '2021-11-27 18:58:00'),
(3, 3, 1, '2021-11-27 20:58:00'),
(3, 3, 1, '2021-11-28 17:08:00'),
(3, 3, 1, '2021-11-28 18:41:00'),
(3, 3, 1, '2021-11-28 20:17:00'),
(3, 3, 1, '2021-11-29 17:11:00'),
(3, 3, 1, '2021-11-29 18:45:00'),
(3, 3, 1, '2021-11-29 20:28:00'),
(3, 5, 3, '2021-11-22 17:18:00'),
(3, 5, 3, '2021-11-22 18:54:00'),
(3, 5, 3, '2021-11-22 20:46:00'),
(3, 5, 3, '2021-11-24 17:24:00'),
(3, 5, 3, '2021-11-24 19:03:00'),
(3, 5, 3, '2021-11-24 20:55:00'),
(3, 5, 3, '2021-11-25 17:20:00'),
(3, 5, 3, '2021-11-25 19:13:00'),
(3, 5, 3, '2021-11-25 21:09:00'),
(3, 5, 3, '2021-11-26 17:28:00'),
(3, 5, 3, '2021-11-26 19:24:00'),
(3, 5, 3, '2021-11-26 21:00:00'),
(3, 5, 3, '2021-11-27 17:22:00'),
(3, 5, 3, '2021-11-27 19:12:00'),
(3, 5, 3, '2021-11-27 21:10:00'),
(3, 5, 3, '2021-11-28 17:11:00'),
(3, 5, 3, '2021-11-28 18:57:00'),
(3, 5, 3, '2021-11-28 20:47:00'),
(3, 5, 3, '2021-11-29 17:03:00'),
(3, 5, 3, '2021-11-29 18:40:00'),
(3, 5, 3, '2021-11-29 20:17:00'),
(4, 4, 3, '2021-11-22 17:19:00'),
(4, 4, 3, '2021-11-22 18:49:00'),
(4, 4, 3, '2021-11-22 20:39:00'),
(4, 4, 3, '2021-11-24 17:12:00'),
(4, 4, 3, '2021-11-24 18:45:00'),
(4, 4, 3, '2021-11-24 20:15:00'),
(4, 4, 3, '2021-11-25 17:13:00'),
(4, 4, 3, '2021-11-25 18:54:00'),
(4, 4, 3, '2021-11-25 20:35:00'),
(4, 4, 3, '2021-11-26 17:22:00'),
(4, 4, 3, '2021-11-26 18:57:00'),
(4, 4, 3, '2021-11-26 20:31:00'),
(4, 4, 3, '2021-11-27 17:03:00'),
(4, 4, 3, '2021-11-27 18:44:00'),
(4, 4, 3, '2021-11-27 20:44:00'),
(4, 4, 3, '2021-11-28 17:15:00'),
(4, 4, 3, '2021-11-28 19:09:00'),
(4, 4, 3, '2021-11-28 21:03:00'),
(4, 4, 3, '2021-11-29 17:05:00'),
(4, 4, 3, '2021-11-29 18:58:00'),
(4, 4, 3, '2021-11-29 20:57:00'),
(5, 3, 2, '2021-11-22 17:18:00'),
(5, 3, 2, '2021-11-22 18:48:00'),
(5, 3, 2, '2021-11-22 20:37:00'),
(5, 3, 2, '2021-11-24 17:06:00'),
(5, 3, 2, '2021-11-24 18:48:00'),
(5, 3, 2, '2021-11-24 20:46:00'),
(5, 3, 2, '2021-11-25 17:02:00'),
(5, 3, 2, '2021-11-25 18:56:00'),
(5, 3, 2, '2021-11-25 20:52:00'),
(5, 3, 2, '2021-11-26 17:12:00'),
(5, 3, 2, '2021-11-26 19:02:00'),
(5, 3, 2, '2021-11-26 20:42:00'),
(5, 3, 2, '2021-11-27 17:12:00'),
(5, 3, 2, '2021-11-27 18:52:00'),
(5, 3, 2, '2021-11-27 20:37:00'),
(5, 3, 2, '2021-11-28 17:10:00'),
(5, 3, 2, '2021-11-28 19:06:00'),
(5, 3, 2, '2021-11-28 20:36:00'),
(5, 3, 2, '2021-11-29 17:18:00'),
(5, 3, 2, '2021-11-29 19:06:00'),
(5, 3, 2, '2021-11-29 20:58:00'),
(7, 2, 1, '2021-11-22 17:24:00'),
(7, 2, 1, '2021-11-22 19:19:00'),
(7, 2, 1, '2021-11-22 20:57:00'),
(7, 2, 1, '2021-11-24 17:26:00'),
(7, 2, 1, '2021-11-24 19:04:00'),
(7, 2, 1, '2021-11-24 20:54:00'),
(7, 2, 1, '2021-11-25 17:30:00'),
(7, 2, 1, '2021-11-25 19:10:00'),
(7, 2, 1, '2021-11-25 21:07:00'),
(7, 2, 1, '2021-11-26 17:15:00'),
(7, 2, 1, '2021-11-26 19:02:00'),
(7, 2, 1, '2021-11-26 20:37:00'),
(7, 2, 1, '2021-11-27 17:23:00'),
(7, 2, 1, '2021-11-27 18:58:00'),
(7, 2, 1, '2021-11-27 20:46:00'),
(7, 2, 1, '2021-11-28 17:18:00'),
(7, 2, 1, '2021-11-28 19:06:00'),
(7, 2, 1, '2021-11-28 20:36:00'),
(7, 2, 1, '2021-11-29 17:00:00'),
(7, 2, 1, '2021-11-29 18:36:00'),
(7, 2, 1, '2021-11-29 20:10:00'),
(8, 1, 2, '2021-11-22 17:00:00'),
(8, 1, 2, '2021-11-22 18:33:00'),
(8, 1, 2, '2021-11-22 20:29:00'),
(8, 1, 2, '2021-11-24 17:09:00'),
(8, 1, 2, '2021-11-24 19:00:00'),
(8, 1, 2, '2021-11-24 20:30:00'),
(8, 1, 2, '2021-11-25 17:08:00'),
(8, 1, 2, '2021-11-25 19:08:00'),
(8, 1, 2, '2021-11-25 20:57:00'),
(8, 1, 2, '2021-11-26 17:22:00'),
(8, 1, 2, '2021-11-26 19:14:00'),
(8, 1, 2, '2021-11-26 20:44:00'),
(8, 1, 2, '2021-11-27 17:30:00'),
(8, 1, 2, '2021-11-27 19:14:00'),
(8, 1, 2, '2021-11-27 21:13:00'),
(8, 1, 2, '2021-11-28 17:04:00'),
(8, 1, 2, '2021-11-28 18:37:00'),
(8, 1, 2, '2021-11-28 20:32:00'),
(8, 1, 2, '2021-11-29 17:22:00'),
(8, 1, 2, '2021-11-29 19:00:00'),
(8, 1, 2, '2021-11-29 20:53:00'),
(8, 4, 1, '2021-11-22 17:29:00'),
(8, 4, 1, '2021-11-22 19:17:00'),
(8, 4, 1, '2021-11-22 21:13:00'),
(8, 4, 1, '2021-11-24 17:26:00'),
(8, 4, 1, '2021-11-24 19:01:00'),
(8, 4, 1, '2021-11-24 20:35:00'),
(8, 4, 1, '2021-11-25 17:06:00'),
(8, 4, 1, '2021-11-25 19:02:00'),
(8, 4, 1, '2021-11-25 20:39:00'),
(8, 4, 1, '2021-11-26 17:20:00'),
(8, 4, 1, '2021-11-26 19:10:00'),
(8, 4, 1, '2021-11-26 20:57:00'),
(8, 4, 1, '2021-11-27 17:06:00'),
(8, 4, 1, '2021-11-27 19:06:00'),
(8, 4, 1, '2021-11-27 20:38:00'),
(8, 4, 1, '2021-11-28 17:11:00'),
(8, 4, 1, '2021-11-28 18:49:00'),
(8, 4, 1, '2021-11-28 20:33:00'),
(8, 4, 1, '2021-11-29 17:19:00'),
(8, 4, 1, '2021-11-29 19:08:00'),
(8, 4, 1, '2021-11-29 21:00:00');

-- --------------------------------------------------------

--
-- Estructura de tabla para la tabla `SALA`
--

CREATE TABLE `SALA` (
  `num_sala` int(11) NOT NULL,
  `cod_cine` int(11) NOT NULL
) ENGINE=InnoDB DEFAULT CHARSET=utf8mb4;

--
-- Volcado de datos para la tabla `SALA`
--

INSERT INTO `SALA` (`num_sala`, `cod_cine`) VALUES
(1, 1),
(1, 2),
(1, 3),
(2, 1),
(2, 2),
(2, 3),
(3, 1),
(3, 2),
(3, 3),
(4, 1),
(4, 3),
(5, 3);

-- --------------------------------------------------------

--
-- Estructura de tabla para la tabla `USUARIO`
--

CREATE TABLE `USUARIO` (
  `dni` varchar(9) NOT NULL,
  `nombre` varchar(50) DEFAULT NULL,
  `mail` varchar(50) DEFAULT NULL,
  `es_admin` tinyint(4) DEFAULT 0,
  `password` varchar(100) DEFAULT NULL
) ENGINE=InnoDB DEFAULT CHARSET=utf8mb4;

--
-- Volcado de datos para la tabla `USUARIO`
--

INSERT INTO `USUARIO` (`dni`, `nombre`, `mail`, `es_admin`, `password`) VALUES
('12345678Q', 'admin', 'admin@admin.es', 1, '$2y$15$CqUFxzWO7WQfse67INxhL.dr6TvB3uJaTNLoNY5i4dryVRB1xkkfa'),
('87654321A', 'Santi', 'usuario@cines.es', 0, '$2y$15$CqUFxzWO7WQfse67INxhL.dr6TvB3uJaTNLoNY5i4dryVRB1xkkfa');

--
-- Índices para tablas volcadas
--

--
-- Indices de la tabla `BUTACA`
--
ALTER TABLE `BUTACA`
  ADD PRIMARY KEY (`cod_butaca`),
  ADD KEY `fk1_butaca` (`num_sala`,`cod_cine`);

--
-- Indices de la tabla `CINE`
--
ALTER TABLE `CINE`
  ADD PRIMARY KEY (`cod_cine`);

--
-- Indices de la tabla `DESCUENTO`
--
ALTER TABLE `DESCUENTO`
  ADD PRIMARY KEY (`cod_desc`);

--
-- Indices de la tabla `ENTRADA`
--
ALTER TABLE `ENTRADA`
  ADD PRIMARY KEY (`cod_entrada`),
  ADD KEY `fk1_entrada` (`dni`),
  ADD KEY `fk2_entrada` (`cod_butaca`),
  ADD KEY `fk3_entrada` (`cod_peli`,`num_sala`,`cod_cine`,`horario`),
  ADD KEY `fk4_entrada` (`cod_desc`);

--
-- Indices de la tabla `PELICULA`
--
ALTER TABLE `PELICULA`
  ADD PRIMARY KEY (`cod_peli`);

--
-- Indices de la tabla `PROYECCION`
--
ALTER TABLE `PROYECCION`
  ADD PRIMARY KEY (`cod_peli`,`num_sala`,`cod_cine`,`horario`),
  ADD KEY `fk2_proyeccion` (`num_sala`,`cod_cine`);

--
-- Indices de la tabla `SALA`
--
ALTER TABLE `SALA`
  ADD PRIMARY KEY (`num_sala`,`cod_cine`),
  ADD KEY `fk1_sala` (`cod_cine`);

--
-- Indices de la tabla `USUARIO`
--
ALTER TABLE `USUARIO`
  ADD PRIMARY KEY (`dni`);

--
-- AUTO_INCREMENT de las tablas volcadas
--

--
-- AUTO_INCREMENT de la tabla `BUTACA`
--
ALTER TABLE `BUTACA`
  MODIFY `cod_butaca` int(11) NOT NULL AUTO_INCREMENT, AUTO_INCREMENT=286;

--
-- AUTO_INCREMENT de la tabla `CINE`
--
ALTER TABLE `CINE`
  MODIFY `cod_cine` int(11) NOT NULL AUTO_INCREMENT, AUTO_INCREMENT=4;

--
-- AUTO_INCREMENT de la tabla `DESCUENTO`
--
ALTER TABLE `DESCUENTO`
  MODIFY `cod_desc` int(11) NOT NULL AUTO_INCREMENT, AUTO_INCREMENT=4;

--
-- AUTO_INCREMENT de la tabla `ENTRADA`
--
ALTER TABLE `ENTRADA`
  MODIFY `cod_entrada` int(11) NOT NULL AUTO_INCREMENT;

--
-- AUTO_INCREMENT de la tabla `PELICULA`
--
ALTER TABLE `PELICULA`
  MODIFY `cod_peli` int(11) NOT NULL AUTO_INCREMENT, AUTO_INCREMENT=11;

--
-- Restricciones para tablas volcadas
--

--
-- Filtros para la tabla `BUTACA`
--
ALTER TABLE `BUTACA`
  ADD CONSTRAINT `fk1_butaca` FOREIGN KEY (`num_sala`,`cod_cine`) REFERENCES `SALA` (`num_sala`, `cod_cine`);

--
-- Filtros para la tabla `ENTRADA`
--
ALTER TABLE `ENTRADA`
  ADD CONSTRAINT `fk1_entrada` FOREIGN KEY (`dni`) REFERENCES `USUARIO` (`dni`),
  ADD CONSTRAINT `fk2_entrada` FOREIGN KEY (`cod_butaca`) REFERENCES `BUTACA` (`cod_butaca`),
  ADD CONSTRAINT `fk3_entrada` FOREIGN KEY (`cod_peli`,`num_sala`,`cod_cine`,`horario`) REFERENCES `PROYECCION` (`cod_peli`, `num_sala`, `cod_cine`, `horario`),
  ADD CONSTRAINT `fk4_entrada` FOREIGN KEY (`cod_desc`) REFERENCES `DESCUENTO` (`cod_desc`);

--
-- Filtros para la tabla `PROYECCION`
--
ALTER TABLE `PROYECCION`
  ADD CONSTRAINT `fk1_proyeccion` FOREIGN KEY (`cod_peli`) REFERENCES `PELICULA` (`cod_peli`),
  ADD CONSTRAINT `fk2_proyeccion` FOREIGN KEY (`num_sala`,`cod_cine`) REFERENCES `SALA` (`num_sala`, `cod_cine`);

--
-- Filtros para la tabla `SALA`
--
ALTER TABLE `SALA`
  ADD CONSTRAINT `fk1_sala` FOREIGN KEY (`cod_cine`) REFERENCES `CINE` (`cod_cine`);
COMMIT;

/*!40101 SET CHARACTER_SET_CLIENT=@OLD_CHARACTER_SET_CLIENT */;
/*!40101 SET CHARACTER_SET_RESULTS=@OLD_CHARACTER_SET_RESULTS */;
/*!40101 SET COLLATION_CONNECTION=@OLD_COLLATION_CONNECTION */;
